billing_account_id,customer_name,customer_id,notes
01A09A-A37EA6-F0AC6C,terralogiq.com,terralogiq_com,Reseller master account
012432-3325D5-F98CEE,alfacart.com,alfacart_com,auto: org ancestry
01319C-C0F533-768FB2,bbri.id,bbri_id,auto: org ancestry
01429D-7F6D5B-385DDE,bbri.id,bbri_id,auto: org ancestry
015F4D-D1EC92-23D8D0,bestada.co.id,bestada_co_id,auto: org ancestry
01E952-774257-BB3C68,ebconnect.com,ebconnect_com,auto: org ancestry
01D5B0-126293-BD37BF,eikontechnology.com,eikontechnology_com,auto: org ancestry
0192AB-79A6B2-4EF2B9,erlangga.id,erlangga_id,auto: org ancestry
016241-12D3B4-DE7DA5,geosquare.ai,geosquare_ai,auto: org ancestry
01A5D9-45596A-061B53,gits.id,gits_id,auto: org ancestry
012E55-B327C3-D4D70C,hdindonesia.com,hdindonesia_com,auto: org ancestry
01ACB3-EFAAC4-4A4F98,ifg-life.id,ifg_life_id,auto: org ancestry
0159D4-2113E3-DCCA24,jco-coffee.com,jco_coffee_com,auto: org ancestry
01B788-0F826D-0160A3,mataharimall.com,mataharimall_com,auto: org ancestry
01E5F7-5AAF99-DE0E73,mhealth.tech,mhealth_tech,auto: org ancestry
01D01B-6EACCD-2B24F0,mis.danakinifinance.co.id,mis_danakinifinance_co_id,auto: org ancestry
01C250-72D4ED-E4FBCB,nusantara.technology,nusantara_technology,auto: org ancestry
01552A-103603-652BB7,pashouses.id,pashouses_id,auto: org ancestry
01DF20-DD2658-424F64,pegadaian.co.id,pegadaian_co_id,auto: org ancestry
012A28-142A30-8290BD,pinhome.id,pinhome_id,auto: org ancestry
01C1F7-42157A-4890D8,sayurbox.com,sayurbox_com,auto: org ancestry
01ED7B-2B8373-524ABC,segari.id,segari_id,auto: org ancestry
01CCFB-BF6AD7-E9DD2C,spesolution.com,spesolution_com,auto: org ancestry
010073-774A0F-9F6CF1,sucofindo.co.id,sucofindo_co_id,auto: org ancestry
010091-FB0D2A-96EE21,terralogiq.com,terralogiq_com,auto: org ancestry
010A70-805151-52E646,terralogiq.com,terralogiq_com,auto: org ancestry
010B1E-F482EF-D82F28,terralogiq.com,terralogiq_com,auto: org ancestry
0111C3-550E7E-016C18,terralogiq.com,terralogiq_com,auto: org ancestry
0113EB-9B4E89-E81E9F,terralogiq.com,terralogiq_com,auto: org ancestry
0116D4-317EF5-C26667,terralogiq.com,terralogiq_com,auto: org ancestry
0118A2-91A066-296D0B,terralogiq.com,terralogiq_com,auto: org ancestry
011DD0-8BCABE-80BCB9,terralogiq.com,terralogiq_com,auto: org ancestry
012024-4E70D7-BD3DC7,terralogiq.com,terralogiq_com,auto: org ancestry
0124D3-E5C651-1702E9,terralogiq.com,terralogiq_com,auto: org ancestry
012578-A5B957-4ADCA9,terralogiq.com,terralogiq_com,auto: org ancestry
012755-989315-3F30BE,terralogiq.com,terralogiq_com,auto: org ancestry
01279C-A3081A-ED54E3,terralogiq.com,terralogiq_com,auto: org ancestry
012BAC-BCB940-CBAA7A,terralogiq.com,terralogiq_com,auto: org ancestry
0135C2-33BD08-4FAB95,terralogiq.com,terralogiq_com,auto: org ancestry
01395B-58A1A5-97F73B,terralogiq.com,terralogiq_com,auto: org ancestry
013A06-857B4B-31E07C,terralogiq.com,terralogiq_com,auto: org ancestry
0146B2-DC1A0A-8E2B42,terralogiq.com,terralogiq_com,auto: org ancestry
014DB4-130391-3DDF5D,terralogiq.com,terralogiq_com,auto: org ancestry
015497-0A7C50-AD8027,terralogiq.com,terralogiq_com,auto: org ancestry
015AFB-A32A3B-4F86C2,terralogiq.com,terralogiq_com,auto: org ancestry
015BAC-8D7714-8F8B4B,terralogiq.com,terralogiq_com,auto: org ancestry
015F60-BDF74B-C8AD61,terralogiq.com,terralogiq_com,auto: org ancestry
016618-1D5A80-CF4367,terralogiq.com,terralogiq_com,auto: org ancestry
016781-2C0EF1-60EAEA,terralogiq.com,terralogiq_com,auto: org ancestry
016A17-CDDDFB-D50CCA,terralogiq.com,terralogiq_com,auto: org ancestry
017250-332920-CCB95E,terralogiq.com,terralogiq_com,auto: org ancestry
0174B6-84FD91-D60274,terralogiq.com,terralogiq_com,auto: org ancestry
01792B-ACE0D5-6D1E2B,terralogiq.com,terralogiq_com,auto: org ancestry
0179B4-491A02-422E35,terralogiq.com,terralogiq_com,auto: org ancestry
017A65-FAE081-3B0C37,terralogiq.com,terralogiq_com,auto: org ancestry
018D13-BFECD7-21F7A8,terralogiq.com,terralogiq_com,auto: org ancestry
0191DF-D2EA34-2BA987,terralogiq.com,terralogiq_com,auto: org ancestry
0191F9-85AC31-BCCE1A,terralogiq.com,terralogiq_com,auto: org ancestry
019399-FE52DF-270A9E,terralogiq.com,terralogiq_com,auto: org ancestry
019531-07A575-F1FFE0,terralogiq.com,terralogiq_com,auto: org ancestry
019A7C-3F7882-9D578F,terralogiq.com,terralogiq_com,auto: org ancestry
019B10-CB9A39-8F0940,terralogiq.com,terralogiq_com,auto: org ancestry
01A1F1-382822-22B32B,terralogiq.com,terralogiq_com,auto: org ancestry
01A7BC-F95E12-731463,terralogiq.com,terralogiq_com,auto: org ancestry
01A8FB-742529-E0A029,terralogiq.com,terralogiq_com,auto: org ancestry
01B60F-108861-1EE927,terralogiq.com,terralogiq_com,auto: org ancestry
01B794-AD75B4-A1A8D9,terralogiq.com,terralogiq_com,auto: org ancestry
01BCE8-33874F-A59906,terralogiq.com,terralogiq_com,auto: org ancestry
01BE05-90724A-78DA6A,terralogiq.com,terralogiq_com,auto: org ancestry
01C097-34CFDC-7CB746,terralogiq.com,terralogiq_com,auto: org ancestry
01C4AF-660122-E0FEBE,terralogiq.com,terralogiq_com,auto: org ancestry
01C8CC-CE981B-BD979E,terralogiq.com,terralogiq_com,auto: org ancestry
01D1DB-ECD2AF-F59B7A,terralogiq.com,terralogiq_com,auto: org ancestry
01DAB2-200832-99295D,terralogiq.com,terralogiq_com,auto: org ancestry
01DFE8-971193-1035BA,terralogiq.com,terralogiq_com,auto: org ancestry
01E102-CF98CE-5A8DD8,terralogiq.com,terralogiq_com,auto: org ancestry
01E3A8-570F85-7C3A95,terralogiq.com,terralogiq_com,auto: org ancestry
01E5F4-66804E-8286B7,terralogiq.com,terralogiq_com,auto: org ancestry
01E7E3-2E2F7B-79907C,terralogiq.com,terralogiq_com,auto: org ancestry
01EAD7-C26258-D1FDA8,terralogiq.com,terralogiq_com,auto: org ancestry
01EB5D-9DB5D8-057B01,terralogiq.com,terralogiq_com,auto: org ancestry
01F3A5-E1FFA7-24B575,terralogiq.com,terralogiq_com,auto: org ancestry
01F401-A422C7-ABA27E,terralogiq.com,terralogiq_com,auto: org ancestry
01F830-5667F4-E5E8C3,terralogiq.com,terralogiq_com,auto: org ancestry
01F832-2B1D0D-F05998,terralogiq.com,terralogiq_com,auto: org ancestry
01F87A-21CDB2-2B437C,terralogiq.com,terralogiq_com,auto: org ancestry
01FCD3-D6E14F-24A46D,terralogiq.com,terralogiq_com,auto: org ancestry
01FDF4-32650F-707239,terralogiq.com,terralogiq_com,auto: org ancestry
01FF68-A24AD7-57148C,terralogiq.com,terralogiq_com,auto: org ancestry
01F73F-26B5B6-6D6D5E,thelionparcel.com,thelionparcel_com,auto: org ancestry
013C03-3C1A5B-511B18,wingscorp.com,wingscorp_com,auto: org ancestry
01024A-DA4AC6-521FE3,,,NEEDS MAPPING
010862-0E26CE-CE7B57,,,NEEDS MAPPING
0119DE-11BEEE-BC0ECE,DayTrans / White Horse,daytrans,mapped: DayTrans/WhiteHorse projects
012371-B03D2A-4E7036,,,NEEDS MAPPING
01318C-B532EB-DECC70,TIKI,tiki,mapped: 'TIKI Development' project
014663-DAB0A3-139A45,Ruparupa (Kawan Lama),ruparupa,mapped: Informa/Ruparupa projects
01482B-8C0C2D-4A4922,Pemkot Surabaya,pemkot_surabaya,mapped: parkir-surabaya/surabaya-bergerak projects
016372-82F82A-433751,,,NEEDS MAPPING
018509-728291-1E9D08,,,NEEDS MAPPING
0196E4-9FB915-0858AD,,,NEEDS MAPPING
019A1C-D1998E-36F507,,,NEEDS MAPPING
019DF5-F95405-3773A9,,,NEEDS MAPPING
01ACC4-E7798B-9BAF50,PLN,pln,mapped: 'PLN 123/Mobile Dev' projects
01D196-D9FD53-26AE50,Belitang Panen Raya,belitang_panen_raya,mapped: project name
01D242-BD6EC9-40FFE4,,,NEEDS MAPPING
01DA33-0935DD-D31927,Cipta Krida Bahari (CKB),ckb,mapped: 'HRIS CKB' project
01E694-82D7A8-8D1B54,,,NEEDS MAPPING
